Name,Price
The Diary of a Young Girl,59
12 Years a Slave,99
The Girl in Room 105,109
The Power of your Subconscious Mind,70
Think and Grow Rich,79
Life's Amazing Secrets: How to Find Balance and Purpose in Your Life,113
The Subtle Art of Not Giving a F*ck,269
Attitude Is Everything: Change Your Attitude ... Change Your Life!,100
"I Will Teach You Excel: Master Excel, Surpass Your Co-Workers, And Impress Your Boss!",0
"The 5 AM Club: Own Your Morning, Elevate Your Life",191
"Sanjay Dutt: One Man, Many Lives",408
Alexander The Great,99
Rich Dad Poor Dad: What the Rich Teach Their Kids About Money That the Poor and Middle Class Do Not!,233
Wings of Fire: An Autobiography of Abdul Kalam,221
The Theory of Everything,117
The Alchemist,262
The Monk Who Sold His Ferrari,143
Believe in Yourself,63
Nikola Tesla: Imagination and the Man That Invented the 20th Century,0
St Clare's Collection 1: Books 1-3 (St Clare's Collections and Gift books),449
